{
  "mode": "top",
  "camera_index": 1,
  "timestamp": "20250527_204845",
  "camera_matrix": [
    [
      787.8341397282109,
      0.0,
      972.7074073563941
    ],
    [
      0.0,
      788.1691744651135,
      558.9689067426166
    ],
    [
      0.0,
      0.0,
      1.0
    ]
  ],
  "dist_coeffs": [
    -0.16203714973717634,
    0.033221318450917546,
    -0.0011756335705124558,
    -0.0032230727594589953,
    -0.004080208565422718
  ],
  "flat_map_shape": [
    1200,
    1920
  ]
}