{
  "mode": "side",
  "camera_index": 0,
  "timestamp": "20250519_165804",
  "camera_matrix": [
    [
      3135.049530113278,
      0.0,
      767.8624347583125
    ],
    [
      0.0,
      3145.387529543388,
      552.1461019897404
    ],
    [
      0.0,
      0.0,
      1.0
    ]
  ],
  "dist_coeffs": [
    -0.5687922713405983,
    1.3490296210160753,
    0.004503861910566075,
    0.031866781374278244,
    -11.426950312862681
  ],
  "flat_map_shape": [
    1200,
    1600
  ]
}