{
  "mode": "top",
  "camera_index": 1,
  "timestamp": "20250523_200246",
  "camera_matrix": [
    [
      1228.7857223093008,
      0.0,
      780.0975715131422
    ],
    [
      0.0,
      1229.5384346105777,
      543.567449374232
    ],
    [
      0.0,
      0.0,
      1.0
    ]
  ],
  "dist_coeffs": [
    -0.4021621806754685,
    0.25358064601873376,
    0.000981399375153447,
    0.003130496298916329,
    -0.12715804083750856
  ],
  "flat_map_shape": [
    1200,
    1600
  ]
}