{
  "mode": "side",
  "camera_index": 0,
  "timestamp": "20250527_204730",
  "camera_matrix": [
    [
      1939.871355242171,
      0.0,
      967.5015789351049
    ],
    [
      0.0,
      1900.0810892522468,
      1020.4127961970032
    ],
    [
      0.0,
      0.0,
      1.0
    ]
  ],
  "dist_coeffs": [
    -0.19215773839608982,
    0.03519825488183353,
    -0.03776971402604833,
    -0.0015604929134331133,
    -0.030538635226723437
  ],
  "flat_map_shape": [
    1200,
    1920
  ]
}